taggable_id,taggable_type,tag_id,tag_order
22,projects,1,1
11,estimates,2,1
11,estimates,3,2
14,tasks,4,1
48,projects,5,1
48,projects,6,2
15,leads,4,1
58,projects,1,1
10,proposals,7,1
65,projects,4,1
11,proposals,4,1
73,projects,6,1
45,estimates,6,1
45,estimates,8,2
27,leads,9,1
28,leads,10,1
79,projects,11,1
21,proposals,1,1
88,projects,6,1
63,estimates,12,1
31,proposals,8,1
38,leads,13,1
93,projects,14,1
209,projects,15,1
211,projects,7,1
222,projects,16,1
243,projects,4,1
244,projects,4,1
245,projects,15,1
237,projects,1,1
260,projects,4,1
265,projects,9,1
266,projects,9,1
267,projects,4,1
269,projects,4,1
270,projects,4,1
271,projects,8,1
109,leads,17,1
273,projects,4,1
227,estimates,4,1
275,projects,4,1
279,projects,9,1
280,projects,18,1
242,estimates,18,1
242,estimates,3,2
281,projects,4,1
282,projects,19,1
282,projects,20,2
284,projects,4,1
295,projects,5,1
295,projects,1,2
178,proposals,4,1
298,projects,21,1
298,projects,22,2
136,leads,4,1
300,projects,9,1
301,projects,9,1
302,projects,17,1
326,projects,15,1
153,leads,23,1
153,leads,24,2
243,proposals,26,1
243,proposals,27,2
195,leads,28,1
401,projects,17,1
203,leads,29,1
236,leads,17,1
244,leads,24,1
514,projects,4,1
378,proposals,8,1
310,leads,42,1
310,leads,43,2
310,leads,44,3
295,leads,37,1
295,leads,45,2
305,leads,4,1
305,leads,47,2
311,leads,4,1
311,leads,50,2
311,leads,51,3
312,leads,7,1
312,leads,54,2
348,leads,69,1
348,leads,70,2
348,leads,71,3
349,leads,69,1
349,leads,60,2
349,leads,72,3
350,leads,69,1
350,leads,60,2
350,leads,73,3
351,leads,69,1
351,leads,74,2
351,leads,75,3
352,leads,69,1
352,leads,74,2
352,leads,76,3
353,leads,69,1
353,leads,74,2
353,leads,77,3
354,leads,69,1
354,leads,74,2
354,leads,78,3
355,leads,69,1
355,leads,74,2
355,leads,54,3
356,leads,69,1
356,leads,74,2
356,leads,79,3
357,leads,69,1
357,leads,74,2
357,leads,76,3
358,leads,69,1
358,leads,70,2
358,leads,76,3
359,leads,69,1
359,leads,70,2
359,leads,80,3
360,leads,69,1
360,leads,74,2
360,leads,79,3
361,leads,39,1
361,leads,81,2
626,projects,54,1
375,leads,4,1
375,leads,62,2
381,leads,39,1
381,leads,62,2
632,projects,32,1
395,leads,84,1
395,leads,85,2
395,leads,86,3
421,leads,59,1
421,leads,87,2
421,leads,88,3
764,projects,7,1
444,leads,92,1
445,leads,92,1
446,leads,92,1
447,leads,92,1
448,leads,92,1
449,leads,92,1
450,leads,92,1
451,leads,92,1
452,leads,92,1
453,leads,92,1
655,proposals,9,1
669,proposals,9,1
670,proposals,9,1
677,proposals,9,1
514,leads,9,1
905,projects,100,1
906,projects,100,1
907,projects,100,1
908,projects,100,1
910,projects,100,1
911,projects,100,1
912,projects,100,1
914,projects,100,1
915,projects,100,1
916,projects,100,1
918,projects,100,1
919,projects,100,1
921,projects,100,1
922,projects,100,1
923,projects,100,1
924,projects,100,1
925,projects,100,1
927,projects,100,1
928,projects,100,1
929,projects,100,1
930,projects,100,1
931,projects,100,1
932,projects,100,1
933,projects,100,1
934,projects,100,1
935,projects,100,1
936,projects,100,1
938,projects,100,1
939,projects,100,1
941,projects,100,1
944,projects,100,1
945,projects,100,1
947,projects,100,1
948,projects,100,1
949,projects,100,1
953,projects,100,1
954,projects,100,1
955,projects,100,1
956,projects,100,1
957,projects,100,1
958,projects,100,1
959,projects,100,1
960,projects,100,1
963,projects,100,1
964,projects,100,1
978,projects,78,1
544,leads,60,1
544,leads,62,2
987,projects,18,1
553,leads,60,1
558,leads,30,1
558,leads,101,2
1018,projects,100,1
1019,projects,100,1
1020,projects,100,1
1021,projects,100,1
1022,projects,100,1
1023,projects,100,1
1024,projects,100,1
1025,projects,100,1
1026,projects,100,1
1027,projects,100,1
1028,projects,100,1
1029,projects,100,1
1030,projects,100,1
1031,projects,100,1
1032,projects,100,1
1033,projects,100,1
1034,projects,100,1
1035,projects,100,1
1036,projects,100,1
1038,projects,100,1
1039,projects,100,1
1040,projects,100,1
1041,projects,100,1
1042,projects,100,1
1043,projects,100,1
1044,projects,100,1
1045,projects,100,1
1046,projects,100,1
1048,projects,100,1
1050,projects,100,1
1051,projects,100,1
1052,projects,100,1
1053,projects,100,1
1054,projects,100,1
1055,projects,100,1
1056,projects,100,1
1059,projects,100,1
1060,projects,100,1
1062,projects,100,1
1063,projects,100,1
1064,projects,100,1
1065,projects,100,1
1066,projects,100,1
1067,projects,100,1
1068,projects,100,1
1069,projects,100,1
1070,projects,100,1
1071,projects,100,1
1072,projects,100,1
1074,projects,100,1
1075,projects,100,1
1076,projects,100,1
1077,projects,100,1
1078,projects,100,1
1079,projects,100,1
1080,projects,100,1
1081,projects,100,1
1082,projects,100,1
1083,projects,100,1
1085,projects,100,1
1086,projects,100,1
1087,projects,100,1
1088,projects,100,1
1089,projects,100,1
1091,projects,100,1
1092,projects,100,1
1093,projects,100,1
1094,projects,100,1
1095,projects,100,1
1096,projects,100,1
1097,projects,100,1
1098,projects,100,1
1099,projects,100,1
1100,projects,100,1
562,leads,101,1
573,leads,101,1
605,leads,76,1
612,leads,17,1
612,leads,65,2
619,leads,62,1
632,leads,101,1
635,leads,101,1
68,leads,102,1
51,leads,102,1
50,leads,102,1
604,leads,102,1
596,leads,102,1
581,leads,102,1
577,leads,102,1
569,leads,102,1
559,leads,102,1
547,leads,102,1
543,leads,102,1
542,leads,102,1
540,leads,102,1
524,leads,102,1
517,leads,102,1
509,leads,102,1
507,leads,102,1
506,leads,102,1
497,leads,102,1
488,leads,102,1
482,leads,102,1
472,leads,102,1
469,leads,102,1
468,leads,102,1
467,leads,102,1
466,leads,102,1
454,leads,102,1
443,leads,102,1
442,leads,102,1
441,leads,102,1
440,leads,102,1
439,leads,102,1
438,leads,102,1
428,leads,102,1
399,leads,102,1
392,leads,102,1
390,leads,102,1
389,leads,102,1
366,leads,102,1
365,leads,102,1
345,leads,102,1
344,leads,102,1
342,leads,102,1
338,leads,102,1
330,leads,102,1
318,leads,102,1
317,leads,102,1
316,leads,102,1
303,leads,102,1
298,leads,102,1
297,leads,102,1
296,leads,102,1
294,leads,102,1
293,leads,102,1
292,leads,102,1
291,leads,102,1
290,leads,102,1
270,leads,102,1
267,leads,102,1
266,leads,102,1
265,leads,102,1
264,leads,102,1
263,leads,102,1
262,leads,102,1
261,leads,102,1
256,leads,102,1
255,leads,102,1
253,leads,102,1
249,leads,102,1
248,leads,102,1
234,leads,102,1
233,leads,102,1
232,leads,102,1
231,leads,102,1
230,leads,102,1
229,leads,102,1
228,leads,102,1
227,leads,102,1
226,leads,102,1
222,leads,102,1
221,leads,102,1
218,leads,102,1
213,leads,102,1
212,leads,102,1
210,leads,102,1
209,leads,102,1
208,leads,102,1
207,leads,102,1
206,leads,102,1
202,leads,102,1
201,leads,102,1
190,leads,102,1
184,leads,102,1
174,leads,102,1
173,leads,102,1
172,leads,102,1
168,leads,102,1
166,leads,102,1
165,leads,102,1
164,leads,102,1
158,leads,102,1
154,leads,102,1
147,leads,102,1
144,leads,102,1
135,leads,102,1
133,leads,102,1
132,leads,102,1
130,leads,102,1
128,leads,102,1
126,leads,102,1
121,leads,102,1
120,leads,102,1
116,leads,102,1
112,leads,102,1
106,leads,102,1
101,leads,102,1
535,leads,102,1
531,leads,102,1
523,leads,102,1
510,leads,102,1
481,leads,102,1
409,leads,102,1
384,leads,102,1
383,leads,102,1
374,leads,102,1
347,leads,102,1
307,leads,102,1
299,leads,102,1
251,leads,102,1
247,leads,102,1
242,leads,102,1
193,leads,102,1
163,leads,102,1
157,leads,102,1
96,leads,102,1
594,leads,102,1
579,leads,102,1
536,leads,102,1
522,leads,102,1
521,leads,102,1
511,leads,102,1
491,leads,102,1
489,leads,102,1
457,leads,102,1
408,leads,102,1
376,leads,102,1
367,leads,102,1
346,leads,102,1
245,leads,102,1
215,leads,102,1
199,leads,102,1
478,leads,102,1
178,leads,102,1
171,leads,102,1
169,leads,102,1
167,leads,102,1
151,leads,102,1
148,leads,102,1
319,leads,102,1
315,leads,102,1
314,leads,102,1
313,leads,102,1
309,leads,102,1
308,leads,102,1
304,leads,102,1
302,leads,102,1
301,leads,102,1
300,leads,102,1
287,leads,102,1
286,leads,102,1
285,leads,102,1
278,leads,102,1
277,leads,102,1
276,leads,102,1
275,leads,102,1
274,leads,102,1
273,leads,102,1
272,leads,102,1
271,leads,102,1
269,leads,102,1
268,leads,102,1
260,leads,102,1
259,leads,102,1
258,leads,102,1
257,leads,102,1
254,leads,102,1
252,leads,102,1
250,leads,102,1
225,leads,102,1
391,leads,102,1
388,leads,102,1
386,leads,102,1
343,leads,102,1
340,leads,102,1
337,leads,102,1
324,leads,102,1
323,leads,102,1
322,leads,102,1
637,leads,101,1
633,leads,101,1
567,leads,101,1
571,leads,101,1
577,leads,101,2
572,leads,101,1
575,leads,101,1
580,leads,101,1
641,leads,101,1
645,leads,101,1
645,leads,103,2
647,leads,101,1
647,leads,104,2
2206,invoices,105,1
2205,invoices,105,1
2204,invoices,105,1
2203,invoices,105,1
651,leads,101,1
2231,invoices,105,1
2083,invoices,105,1
2232,invoices,105,1
2088,invoices,105,1
2144,invoices,105,1
2195,invoices,105,1
2229,invoices,105,1
2090,invoices,105,1
2087,invoices,105,1
2223,invoices,105,1
2086,invoices,105,1
2085,invoices,105,1
2084,invoices,105,1
1931,invoices,105,1
2116,invoices,105,1
2194,invoices,105,1
1944,invoices,105,1
2132,invoices,105,1
1277,invoices,105,1
2143,invoices,105,1
2105,invoices,105,1
1950,invoices,105,1
1821,invoices,105,1
1722,invoices,105,1
1590,invoices,105,1
1514,invoices,105,1
1433,invoices,105,1
1282,invoices,105,1
1610,invoices,105,1
1285,invoices,105,1
1281,invoices,105,1
2202,invoices,105,1
1283,invoices,105,1
1284,invoices,105,1
1279,invoices,105,1
1500,invoices,105,1
2091,invoices,105,1
2117,invoices,105,1
2127,invoices,105,1
1791,invoices,105,1
1599,invoices,105,1
1560,invoices,105,1
1561,invoices,105,1
1553,invoices,105,1
1614,invoices,105,1
1910,invoices,105,1
1862,invoices,105,1
1721,invoices,105,1
1672,invoices,105,1
1673,invoices,105,1
2222,invoices,105,1
2221,invoices,105,1
2219,invoices,105,1
2196,invoices,105,1
2176,invoices,105,1
2102,invoices,105,1
2045,invoices,105,1
2043,invoices,105,1
1929,invoices,105,1
1914,invoices,105,1
1913,invoices,105,1
1799,invoices,105,1
1788,invoices,105,1
1787,invoices,105,1
1736,invoices,105,1
1692,invoices,105,1
1674,invoices,105,1
1675,invoices,105,1
1598,invoices,105,1
1616,invoices,105,1
1897,invoices,105,1
1575,invoices,105,1
1536,invoices,105,1
1531,invoices,105,1
1516,invoices,105,1
1517,invoices,105,1
1518,invoices,105,1
1519,invoices,105,1
1945,invoices,105,1
1633,invoices,105,1
1202,invoices,105,1
828,invoices,105,1
659,invoices,105,1
1220,invoices,105,1
1141,invoices,105,1
1076,invoices,105,1
988,invoices,105,1
757,invoices,105,1
888,invoices,105,1
594,invoices,105,1
546,invoices,105,1
446,invoices,105,1
116,invoices,105,1
1422,invoices,105,1
1206,invoices,105,1
540,invoices,105,1
1419,invoices,105,1
1144,invoices,105,1
969,invoices,105,1
776,invoices,105,1
697,invoices,105,1
545,invoices,105,1
1221,invoices,105,1
1142,invoices,105,1
1077,invoices,105,1
989,invoices,105,1
889,invoices,105,1
758,invoices,105,1
593,invoices,105,1
547,invoices,105,1
2218,invoices,105,1
1755,invoices,105,1
1630,invoices,105,1
1611,invoices,105,1
1444,invoices,105,1
1261,invoices,105,1
1134,invoices,105,1
1039,invoices,105,1
967,invoices,105,1
872,invoices,105,1
772,invoices,105,1
655,invoices,105,1
510,invoices,105,1
1549,invoices,105,1
1544,invoices,105,1
1545,invoices,105,1
1546,invoices,105,1
1562,invoices,105,1
1565,invoices,105,1
1556,invoices,105,1
1541,invoices,105,1
2038,invoices,105,1
1887,invoices,105,1
1636,invoices,105,1
1551,invoices,105,1
1547,invoices,105,1
1566,invoices,105,1
2158,invoices,105,1
1373,invoices,105,1
1210,invoices,105,1
1128,invoices,105,1
1427,invoices,105,1
1349,invoices,105,1
1346,invoices,105,1
1299,invoices,105,1
1240,invoices,105,1
1589,invoices,105,1
1129,invoices,105,1
951,invoices,105,1
727,invoices,105,1
653,invoices,105,1
578,invoices,105,1
516,invoices,105,1
759,invoices,105,1
699,invoices,105,1
656,invoices,105,1
631,invoices,105,1
519,invoices,105,1
718,invoices,105,1
530,invoices,105,1
1871,invoices,105,1
1872,invoices,105,1
1876,invoices,105,1
1902,invoices,105,1
1873,invoices,105,1
1870,invoices,105,1
1875,invoices,105,1
2131,invoices,105,1
2118,invoices,105,1
1286,invoices,105,1
2150,invoices,105,1
2142,invoices,105,1
2018,invoices,105,1
1992,invoices,105,1
1920,invoices,105,1
1445,invoices,105,1
1278,invoices,105,1
2109,invoices,105,1
1867,invoices,105,1
1724,invoices,105,1
1501,invoices,105,1
2147,invoices,105,1
2139,invoices,105,1
2026,invoices,105,1
1762,invoices,105,1
1505,invoices,105,1
1502,invoices,105,1
1331,invoices,105,1
1330,invoices,105,1
1280,invoices,105,1
1504,invoices,105,1
2148,invoices,105,1
2140,invoices,105,1
2092,invoices,105,1
1503,invoices,105,1
2029,invoices,105,1
2130,invoices,105,1
2128,invoices,105,1
2153,invoices,105,1
1772,invoices,105,1
1723,invoices,105,1
1631,invoices,105,1
2068,invoices,105,1
2115,invoices,105,1
1316,invoices,105,1
1645,invoices,105,1
1529,invoices,105,1
1528,invoices,105,1
1527,invoices,105,1
1392,invoices,105,1
1391,invoices,105,1
1317,invoices,105,1
1318,invoices,105,1
2217,invoices,105,1
2114,invoices,105,1
1936,invoices,105,1
1783,invoices,105,1
1648,invoices,105,1
1532,invoices,105,1
1436,invoices,105,1
1319,invoices,105,1
1321,invoices,105,1
1322,invoices,105,1
2113,invoices,105,1
2096,invoices,105,1
1822,invoices,105,1
1754,invoices,105,1
1452,invoices,105,1
1324,invoices,105,1
1320,invoices,105,1
1323,invoices,105,1
1378,invoices,105,1
1313,invoices,105,1
1294,invoices,105,1
1184,invoices,105,1
467,invoices,105,1
1607,invoices,105,1
1411,invoices,105,1
1032,invoices,105,1
1262,invoices,105,1
856,invoices,105,1
839,invoices,105,1
818,invoices,105,1
1896,invoices,105,1
1894,invoices,105,1
2226,invoices,105,1
1895,invoices,105,1
1594,invoices,105,1
685,invoices,105,1
618,invoices,105,1
542,invoices,105,1
2251,invoices,105,1
2253,invoices,105,1
2254,invoices,105,1
2255,invoices,105,1
2256,invoices,105,1
2262,invoices,105,1
2268,invoices,105,1
2270,invoices,105,1
2272,invoices,105,1
654,leads,101,1
655,leads,101,1
2276,invoices,105,1
1237,projects,105,1
2278,invoices,105,1
2279,invoices,105,1
1238,projects,105,1
2283,invoices,105,1
1239,projects,105,1
2284,invoices,105,1
2285,invoices,105,1
2286,invoices,105,1
1242,projects,105,1
2287,invoices,105,1
2250,invoices,107,1
1243,projects,107,1
1244,projects,105,1
1245,projects,105,1
2277,invoices,105,1
2261,invoices,105,1
944,invoices,105,1
1248,projects,105,1
1249,projects,105,1
2293,invoices,105,1
2292,invoices,105,1
2183,invoices,105,1
2300,invoices,105,1
1251,projects,105,1
2301,invoices,105,1
1252,projects,105,1
2302,invoices,105,1
1134,projects,105,1
1133,projects,105,1
1132,projects,105,1
2303,invoices,105,1
2306,invoices,105,1
2297,invoices,105,1
2289,invoices,105,1
2289,invoices,106,2
2288,invoices,105,1
2288,invoices,106,2
2259,invoices,105,1
2293,invoices,106,2
2302,invoices,106,2
2165,invoices,105,1
2165,invoices,106,2
2308,invoices,105,1
2310,invoices,105,1
2311,invoices,105,1
2312,invoices,105,1
1564,invoices,105,1
2317,invoices,105,1
2318,invoices,105,1
2319,invoices,105,1
2328,invoices,105,1
2331,invoices,105,1
1265,projects,106,1
2341,invoices,105,1
2342,invoices,105,1
2343,invoices,105,1
2344,invoices,105,1
2345,invoices,105,1
2089,invoices,105,1
2348,invoices,105,1
2349,invoices,105,1
2354,invoices,105,1
1464,invoices,105,1
2357,invoices,105,1
2358,invoices,105,1
2359,invoices,105,1
2375,invoices,105,1
677,leads,101,1
678,leads,101,1
2386,invoices,105,1
2387,invoices,105,1
2390,invoices,105,1
1274,projects,105,1
679,leads,101,1
2393,invoices,105,1
2396,invoices,105,1
2397,invoices,105,1
1279,projects,105,1
2399,invoices,105,1
1281,projects,19,1
1281,projects,20,2
1281,projects,3,3
681,leads,101,1
683,leads,101,1
684,leads,101,1
685,leads,101,1
686,leads,101,1
687,leads,101,1
2414,invoices,105,1
2418,invoices,105,1
2419,invoices,105,1
2420,invoices,105,1
2421,invoices,105,1
2422,invoices,105,1
691,leads,60,1
1299,projects,105,1
2427,invoices,105,1
2428,invoices,105,1
2429,invoices,105,1
2430,invoices,105,1
2431,invoices,105,1
2432,invoices,105,1
2433,invoices,105,1
2434,invoices,105,1
2435,invoices,105,1
1300,projects,105,1
2437,invoices,105,1
1301,projects,105,1
2438,invoices,105,1
2439,invoices,105,1
2441,invoices,105,1
2442,invoices,105,1
2444,invoices,105,1
2445,invoices,105,1
1305,projects,105,1
2446,invoices,105,1
2447,invoices,105,1
2474,invoices,107,1
2478,invoices,105,1
2479,invoices,105,1
2480,invoices,105,1
2481,invoices,105,1
2502,invoices,105,1
2503,invoices,105,1
2513,invoices,105,1
2514,invoices,105,1
1187,proposals,8,1
696,leads,101,1
2523,invoices,105,1
2529,invoices,105,1
2531,invoices,105,1
2533,invoices,105,1
2549,invoices,105,1
2550,invoices,105,1
2551,invoices,105,1
2552,invoices,105,1
2552,invoices,106,2
2555,invoices,105,1
2557,invoices,105,1
2558,invoices,105,1
2559,invoices,105,1
2562,invoices,105,1
2565,invoices,105,1
2574,invoices,105,1
2575,invoices,105,1
1351,projects,52,1
2581,invoices,105,1
2582,invoices,105,1
2587,invoices,105,1
2590,invoices,105,1
2591,invoices,105,1
2596,invoices,105,1
2596,invoices,106,2
2597,invoices,105,1
2600,invoices,105,1
2601,invoices,105,1
1208,proposals,8,1
1361,projects,105,1
2602,invoices,105,1
2603,invoices,105,1
1211,proposals,8,1
2609,invoices,105,1
2610,invoices,105,1
1364,projects,105,1
2611,invoices,105,1
2612,invoices,105,1
2614,invoices,105,1
2615,invoices,105,1
2616,invoices,105,1
2617,invoices,105,1
2618,invoices,105,1
2633,invoices,105,1
2634,invoices,105,1
2643,invoices,105,1
2645,invoices,105,1
2646,invoices,105,1
2647,invoices,105,1
2648,invoices,105,1
2649,invoices,105,1
2650,invoices,105,1
2652,invoices,105,1
2653,invoices,105,1
2655,invoices,105,1
2664,invoices,107,1
1235,proposals,8,1
1229,proposals,18,1
2676,invoices,105,1
2677,invoices,105,1
2678,invoices,105,1
2681,invoices,105,1
2684,invoices,105,1
2698,invoices,105,1
2700,invoices,105,1
715,leads,4,1
716,leads,7,1
2715,invoices,105,1
2716,invoices,105,1
2720,invoices,18,1
2724,invoices,105,1
2725,invoices,105,1
2725,invoices,106,2
2726,invoices,105,1
2726,invoices,106,2
2190,invoices,106,1
2129,invoices,105,1
2492,invoices,106,1
2548,invoices,105,1
2734,invoices,105,1
2735,invoices,105,1
2736,invoices,105,1
2737,invoices,105,1
2742,invoices,105,1
1423,projects,105,1
2743,invoices,105,1
2744,invoices,105,1
2748,invoices,105,1
2749,invoices,105,1
2750,invoices,105,1
2751,invoices,105,1
1425,projects,18,1
2758,invoices,105,1
1431,projects,105,1
2759,invoices,105,1
2805,invoices,105,1
2809,invoices,105,1
2813,invoices,105,1
2817,invoices,105,1
2827,invoices,105,1
2828,invoices,105,1
2833,invoices,105,1
2834,invoices,105,1
1456,projects,105,1
2835,invoices,105,1
726,leads,109,1
2840,invoices,105,1
2841,invoices,105,1
2842,invoices,105,1
2844,invoices,105,1
2845,invoices,105,1
2846,invoices,105,1
1460,projects,105,1
2871,invoices,105,1
2872,invoices,105,1
2873,invoices,105,1
2874,invoices,105,1
2875,invoices,105,1
2878,invoices,105,1
1463,projects,105,1
2879,invoices,105,1
2880,invoices,105,1
2881,invoices,105,1
2882,invoices,105,1
2883,invoices,105,1
2884,invoices,105,1
2886,invoices,105,1
2887,invoices,105,1
2888,invoices,105,1
2889,invoices,105,1
2890,invoices,105,1
2899,invoices,107,1
2912,invoices,105,1
2916,invoices,105,1
2917,invoices,105,1
2918,invoices,105,1
2919,invoices,105,1
2921,invoices,105,1
2926,invoices,105,1
1485,projects,105,1
2938,invoices,105,1
2942,invoices,105,1
2955,invoices,105,1
2956,invoices,105,1
2957,invoices,105,1
2958,invoices,105,1
1490,projects,105,1
2959,invoices,105,1
2961,invoices,105,1
2967,invoices,105,1
2979,invoices,105,1
2980,invoices,105,1
2984,invoices,105,1
2993,invoices,105,1
2994,invoices,105,1
2995,invoices,105,1
2999,invoices,106,1
3000,invoices,106,1
3001,invoices,106,1
3002,invoices,106,1
3003,invoices,106,1
3008,invoices,106,1
3009,invoices,105,1
3012,invoices,106,1
3013,invoices,106,1
3014,invoices,106,1
3015,invoices,106,1
3016,invoices,106,1
3017,invoices,106,1
3018,invoices,106,1
3019,invoices,105,1
3020,invoices,105,1
1530,projects,100,1
3030,invoices,105,1
3051,invoices,105,1
3052,invoices,105,1
3055,invoices,106,1
3056,invoices,105,1
3058,invoices,105,1
3059,invoices,105,1
3060,invoices,105,1
3061,invoices,105,1
3062,invoices,105,1
3063,invoices,105,1
3064,invoices,105,1
3065,invoices,105,1
3066,invoices,105,1
3071,invoices,105,1
3072,invoices,105,1
3076,invoices,107,1
3079,invoices,105,1
3085,invoices,106,1
3089,invoices,106,1
3092,invoices,105,1
3093,invoices,105,1
1551,projects,105,1
3094,invoices,105,1
1552,projects,105,1
3107,invoices,105,1
3108,invoices,105,1
3110,invoices,105,1
3111,invoices,105,1
3120,invoices,18,1
1334,proposals,18,1
3127,invoices,105,1
3129,invoices,105,1
3130,invoices,105,1
3134,invoices,105,1
3145,invoices,105,1
3151,invoices,105,1
3156,invoices,105,1
3157,invoices,105,1
3162,invoices,106,1
3163,invoices,106,1
3164,invoices,106,1
3174,invoices,105,1
3175,invoices,106,1
3178,invoices,105,1
764,leads,4,1
3179,invoices,106,1
3183,invoices,105,1
3189,invoices,105,1
3191,invoices,106,1
3192,invoices,105,1
3193,invoices,105,1
3194,invoices,105,1
3197,invoices,105,1
3197,invoices,106,2
3198,invoices,105,1
3198,invoices,106,2
3201,invoices,105,1
3202,invoices,105,1
3203,invoices,105,1
3204,invoices,105,1
3205,invoices,105,1
3214,invoices,105,1
3215,invoices,105,1
3216,invoices,105,1
3221,invoices,105,1
3222,invoices,105,1
3224,invoices,105,1
773,leads,30,1
3225,invoices,106,1
3226,invoices,105,1
3227,invoices,105,1
3230,invoices,105,1
3231,invoices,105,1
3233,invoices,105,1
3234,invoices,105,1
3235,invoices,105,1
3236,invoices,105,1
3237,invoices,105,1
3239,invoices,105,1
3251,invoices,107,1
3261,invoices,106,1
3263,invoices,106,1
3264,invoices,106,1
3268,invoices,105,1
1613,projects,105,1
1614,projects,105,1
3270,invoices,106,1
3271,invoices,106,1
3272,invoices,106,1
3273,invoices,106,1
3274,invoices,106,1
3276,invoices,106,1
3279,invoices,105,1
3280,invoices,105,1
3282,invoices,105,1
3283,invoices,105,1
3284,invoices,106,1
3285,invoices,106,1
3286,invoices,106,1
3287,invoices,106,1
3288,invoices,106,1
3293,invoices,105,1
3294,invoices,105,1
3296,invoices,18,1
3301,invoices,106,1
3305,invoices,105,1
3306,invoices,105,1
3307,invoices,106,1
3308,invoices,106,1
3309,invoices,106,1
3310,invoices,106,1
3312,invoices,106,1
3313,invoices,106,1
3314,invoices,105,1
1669,projects,105,1
3315,invoices,105,1
1670,projects,105,1
3316,invoices,105,1
3320,invoices,106,1
3321,invoices,106,1
3322,invoices,106,1
3323,invoices,106,1
3324,invoices,106,1
3326,invoices,106,1
3334,invoices,105,1
3335,invoices,105,1
3336,invoices,106,1
1689,projects,18,1
3339,invoices,106,1
3340,invoices,105,1
3348,invoices,106,1
3349,invoices,105,1
3350,invoices,105,1
3351,invoices,105,1
3352,invoices,105,1
3356,invoices,105,1
3357,invoices,105,1
3327,invoices,106,1
3359,invoices,106,1
1721,projects,105,1
3360,invoices,106,1
3366,invoices,105,1
3375,invoices,106,1
3376,invoices,106,1
3377,invoices,106,1
3378,invoices,106,1
1741,projects,106,1
3385,invoices,105,1
3386,invoices,105,1
3388,invoices,105,1
3392,invoices,105,1
3393,invoices,105,1
3396,invoices,105,1
3396,invoices,106,2
3397,invoices,105,1
3401,invoices,105,1
3403,invoices,106,1
3404,invoices,106,1
3405,invoices,106,1
3406,invoices,106,1
3407,invoices,106,1
3408,invoices,106,1
3418,invoices,105,1
3422,invoices,105,1
3423,invoices,106,1
3424,invoices,106,1
3425,invoices,106,1
3426,invoices,106,1
1762,projects,16,1
3433,invoices,105,1
3437,invoices,105,1
3438,invoices,105,1
3440,invoices,105,1
3439,invoices,106,1
3446,invoices,105,1
3447,invoices,105,1
3448,invoices,105,1
3449,invoices,105,1
1788,projects,105,1
3454,invoices,105,1
1789,projects,105,1
3455,invoices,105,1
1792,projects,105,1
3465,invoices,107,1
3475,invoices,106,1
3478,invoices,106,1
3479,invoices,105,1
3480,invoices,106,1
3481,invoices,105,1
3482,invoices,106,1
3483,invoices,106,1
3487,invoices,105,1
3488,invoices,105,1
1809,projects,106,1
3489,invoices,106,1
1810,projects,106,1
3490,invoices,106,1
1811,projects,106,1
3491,invoices,106,1
1812,projects,106,1
3492,invoices,106,1
1814,projects,106,1
3493,invoices,106,1
3496,invoices,105,1
3498,invoices,105,1
3499,invoices,105,1
1824,projects,106,1
1825,projects,106,1
3507,invoices,106,1
3508,invoices,106,1
3509,invoices,106,1
3510,invoices,106,1
3511,invoices,106,1
3516,invoices,105,1
3518,invoices,105,1
3521,invoices,106,1
3524,invoices,106,1
1526,projects,105,1
1527,projects,105,1
1528,projects,105,1
1529,projects,105,1
1531,projects,105,1
1533,projects,105,1
3529,invoices,105,1
1852,projects,105,1
1853,projects,105,1
1854,projects,105,1
1855,projects,105,1
1415,projects,105,1
1860,projects,106,1
1864,projects,105,1
1865,projects,105,1
920,projects,105,1
3533,invoices,106,1
3534,invoices,106,1
3535,invoices,106,1
3536,invoices,105,1
1219,projects,105,1
1191,projects,105,1
1205,projects,105,1
731,projects,105,1
726,projects,105,1
1203,projects,105,1
735,projects,105,1
3548,invoices,105,1
3549,invoices,105,1
3550,invoices,105,1
1876,projects,106,1
3552,invoices,105,1
3553,invoices,105,1
3554,invoices,105,1
3556,invoices,105,1
3557,invoices,105,1
3558,invoices,106,1
3559,invoices,106,1
983,projects,105,1
3560,invoices,106,1
3561,invoices,105,1
3562,invoices,106,1
1882,projects,105,1
1887,projects,105,1
3574,invoices,106,1
747,projects,105,1
741,projects,105,1
706,projects,105,1
812,projects,105,1
863,projects,105,1
1602,projects,105,1
1326,projects,105,1
1241,projects,105,1
1240,projects,105,1
1847,projects,105,1
360,projects,105,1
3586,invoices,105,1
3587,invoices,105,1
3588,invoices,105,1
3592,invoices,105,1
3593,invoices,105,1
3594,invoices,105,1
3596,invoices,106,1
3599,invoices,106,1
3604,invoices,106,1
3606,invoices,105,1
3607,invoices,105,1
3608,invoices,105,1
3609,invoices,105,1
3610,invoices,105,1
3611,invoices,105,1
3612,invoices,105,1
3617,invoices,105,1
3621,invoices,107,1
3629,invoices,105,1
3631,invoices,105,1
3633,invoices,106,1
3635,invoices,106,1
3636,invoices,106,1
3637,invoices,106,1
3634,invoices,106,1
3639,invoices,106,1
3643,invoices,106,1
3645,invoices,106,1
3646,invoices,106,1
3647,invoices,106,1
3648,invoices,106,1
107,tasks,106,1
3658,invoices,106,1
1931,projects,106,1
3659,invoices,106,1
3670,invoices,106,1
3678,invoices,106,1
3679,invoices,106,1
3680,invoices,106,1
3681,invoices,106,1
3682,invoices,106,1
3692,invoices,106,1
3695,invoices,6,1
1641,proposals,110,1
3698,invoices,106,1
3703,invoices,105,1
3704,invoices,105,1
3700,invoices,106,1
3705,invoices,105,1
3707,invoices,105,1
3708,invoices,105,1
3709,invoices,105,1
992,projects,105,1
3721,invoices,106,1
3722,invoices,110,1
3738,invoices,105,1
109,tasks,111,1
110,tasks,111,1
3755,invoices,106,1
3757,invoices,106,1
3759,invoices,106,1
3764,invoices,106,1
3767,invoices,106,1
3768,invoices,106,1
3769,invoices,106,1
3770,invoices,106,1
3772,invoices,106,1
3773,invoices,106,1
3774,invoices,105,1
3775,invoices,105,1
3776,invoices,105,1
3777,invoices,105,1
3778,invoices,105,1
117,tasks,111,1
118,tasks,111,1
3784,invoices,105,1
3787,invoices,105,1
1679,proposals,110,1
1679,proposals,9,2
3790,invoices,105,1
3791,invoices,105,1
3825,invoices,105,1
3826,invoices,105,1
3827,invoices,105,1
3830,invoices,112,1
3788,invoices,106,1
3831,invoices,106,1
3839,invoices,106,1
3840,invoices,105,1
3841,invoices,105,1
3853,invoices,107,1
3857,invoices,105,1
3865,invoices,106,1
3866,invoices,105,1
3870,invoices,106,1
3871,invoices,106,1
3875,invoices,106,1
3877,invoices,105,1
3886,invoices,106,1
1756,proposals,110,1
1756,proposals,9,2
3894,invoices,110,1
2240,projects,105,1
3903,invoices,105,1
3906,invoices,106,1
3907,invoices,106,1
3908,invoices,106,1
3911,invoices,105,1
3913,invoices,105,1
3914,invoices,105,1
3915,invoices,105,1
3916,invoices,105,1
3917,invoices,105,1
3919,invoices,105,1
3922,invoices,106,1
3926,invoices,105,1
3927,invoices,105,1
140,tasks,110,1
143,tasks,110,1
3941,invoices,106,1
757,estimates,113,1
759,estimates,113,1
760,estimates,113,1
762,estimates,113,1
761,estimates,113,1
763,estimates,113,1
764,estimates,113,1
765,estimates,113,1
767,estimates,113,1
768,estimates,113,1
770,estimates,113,1
771,estimates,113,1
772,estimates,113,1
3945,invoices,105,1
3946,invoices,105,1
3947,invoices,105,1
3948,invoices,105,1
3950,invoices,105,1
3951,invoices,105,1
3952,invoices,105,1
2362,projects,105,1
3953,invoices,105,1
3956,invoices,105,1
3957,invoices,105,1
2364,projects,105,1
3963,invoices,106,1
2370,projects,105,1
3967,invoices,105,1
1305,invoices,110,1
1425,invoices,110,1
3968,invoices,105,1
1703,invoices,106,1
3969,invoices,105,1
2382,projects,105,1
884,invoices,105,1
2384,projects,105,1
1401,invoices,105,1
2386,projects,112,1
2385,projects,112,1
2387,projects,105,1
1782,invoices,105,1
3971,invoices,105,1
3980,invoices,107,1
2388,projects,105,1
3984,invoices,105,1
3986,invoices,105,1
3988,invoices,105,1
3989,invoices,105,1
2420,projects,106,1
3990,invoices,106,1
3991,invoices,105,1
3992,invoices,105,1
3993,invoices,105,1
3997,invoices,105,1
3998,invoices,105,1
3995,invoices,106,1
2454,projects,105,1
3999,invoices,105,1
162,tasks,105,1
4001,invoices,106,1
766,estimates,113,1
773,estimates,113,1
173,tasks,113,1
774,estimates,113,1
4006,invoices,105,1
775,estimates,113,1
776,estimates,113,1
777,estimates,113,1
778,estimates,113,1
779,estimates,113,1
780,estimates,113,1
781,estimates,113,1
782,estimates,113,1
783,estimates,113,1
784,estimates,113,1
785,estimates,113,1
4009,invoices,106,1
786,estimates,113,1
183,tasks,110,1
787,estimates,113,1
788,estimates,113,1
789,estimates,113,1
790,estimates,113,1
791,estimates,113,1
4021,invoices,110,1
792,estimates,113,1
793,estimates,113,1
794,estimates,113,1
3921,invoices,105,1
3923,invoices,105,1
4032,invoices,106,1
795,estimates,113,1
4042,invoices,106,1
4043,invoices,106,1
796,estimates,113,1
206,tasks,105,1
797,estimates,113,1
798,estimates,113,1
799,estimates,113,1
800,estimates,113,1
801,estimates,113,1
802,estimates,113,1
803,estimates,113,1
4051,invoices,106,1
4055,invoices,106,1
804,estimates,113,1
805,estimates,113,1
2534,projects,105,1
4059,invoices,105,1
687,projects,20,1
548,projects,20,1
4065,invoices,106,1
806,estimates,113,1
880,projects,106,1
880,projects,50,2
4069,invoices,106,1
307,projects,105,1
308,projects,105,1
309,projects,105,1
311,projects,105,1
312,projects,105,1
331,projects,105,1
332,projects,105,1
333,projects,105,1
395,projects,105,1
438,projects,105,1
440,projects,105,1
441,projects,105,1
443,projects,105,1
444,projects,105,1
446,projects,105,1
607,projects,105,1
993,projects,105,1
1006,projects,105,1
257,projects,105,1
531,projects,105,1
4074,invoices,106,1
845,projects,106,1
1920,projects,105,1
1532,projects,105,1
1380,projects,106,1
1202,projects,105,1
1183,projects,105,1
1184,projects,105,1
1185,projects,105,1
1186,projects,105,1
1187,projects,105,1
1188,projects,105,1
1189,projects,105,1
1190,projects,105,1
1605,projects,110,1
1863,projects,105,1
965,projects,105,1
966,projects,105,1
967,projects,105,1
968,projects,105,1
969,projects,105,1
970,projects,105,1
1288,projects,106,1
833,projects,105,1
937,projects,105,1
940,projects,105,1
942,projects,105,1
943,projects,105,1
946,projects,105,1
950,projects,105,1
951,projects,105,1
952,projects,105,1
962,projects,105,1
972,projects,105,1
984,projects,105,1
986,projects,105,1
1176,projects,105,1
1363,projects,105,1
2552,projects,9,1
1204,projects,105,1
1037,projects,105,1
1047,projects,105,1
1057,projects,105,1
1058,projects,105,1
2300,projects,105,1
361,projects,105,1
2260,projects,105,1
742,projects,105,1
743,projects,105,1
746,projects,105,1
864,projects,105,1
820,projects,105,1
823,projects,105,1
825,projects,105,1
909,projects,105,1
913,projects,105,1
917,projects,105,1
926,projects,105,1
4095,invoices,106,1
4102,invoices,105,1
4105,invoices,105,1
4106,invoices,105,1
4107,invoices,105,1
4110,invoices,106,1
4116,invoices,106,1
4124,invoices,105,1
4127,invoices,105,1
4128,invoices,105,1
4130,invoices,105,1
2585,projects,105,1
4132,invoices,105,1
293,tasks,105,1
1850,proposals,106,1
1851,proposals,106,1
1852,proposals,106,1
4136,invoices,106,1
4137,invoices,105,1
4138,invoices,106,1
327,tasks,110,1
328,tasks,105,1
328,tasks,110,2
4148,invoices,107,1
4152,invoices,106,1
370,tasks,106,1
4155,invoices,105,1
377,tasks,106,1
2593,projects,105,1
4157,invoices,106,1
400,tasks,105,1
406,tasks,105,1
410,tasks,105,1
4165,invoices,105,1
4166,invoices,105,1
420,tasks,110,1
441,tasks,105,1
442,tasks,105,1
444,tasks,105,1
445,tasks,105,1
448,tasks,105,1
449,tasks,105,1
450,tasks,105,1
451,tasks,105,1
452,tasks,105,1
4171,invoices,105,1
4172,invoices,105,1
4175,invoices,105,1
4177,invoices,105,1
498,tasks,105,1
499,tasks,105,1
510,tasks,105,1
4178,invoices,105,1
4185,invoices,105,1
4188,invoices,106,1
4189,invoices,106,1
4191,invoices,106,1
547,tasks,105,1
4192,invoices,106,1
4193,invoices,105,1
2610,projects,105,1
4198,invoices,106,1
4207,invoices,106,1
4208,invoices,106,1
4209,invoices,106,1
4210,invoices,106,1
4211,invoices,106,1
4212,invoices,106,1
4213,invoices,106,1
4214,invoices,106,1
4216,invoices,106,1
4217,invoices,106,1
4218,invoices,106,1
4219,invoices,106,1
4220,invoices,106,1
4221,invoices,106,1
4222,invoices,106,1
4223,invoices,106,1
4224,invoices,106,1
4225,invoices,106,1
4226,invoices,106,1
617,tasks,105,1
4229,invoices,106,1
4230,invoices,106,1
4231,invoices,106,1
4232,invoices,106,1
4233,invoices,106,1
4234,invoices,106,1
4235,invoices,106,1
4240,invoices,106,1
4242,invoices,106,1
4243,invoices,106,1
4245,invoices,106,1
4246,invoices,106,1
4247,invoices,106,1
4248,invoices,106,1
4249,invoices,106,1
4250,invoices,106,1
4251,invoices,106,1
4252,invoices,106,1
4253,invoices,106,1
4254,invoices,106,1
4255,invoices,106,1
4256,invoices,106,1
4258,invoices,105,1
4259,invoices,106,1
4260,invoices,106,1
4261,invoices,106,1
4263,invoices,106,1
4264,invoices,110,1
4265,invoices,106,1
4266,invoices,106,1
708,tasks,106,1
4267,invoices,105,1
4269,invoices,105,1
723,tasks,110,1
4295,invoices,105,1
4296,invoices,105,1
4297,invoices,105,1
4298,invoices,105,1
2696,projects,105,1
4300,invoices,105,1
4307,invoices,106,1
4314,invoices,106,1
4315,invoices,106,1
4316,invoices,106,1
4317,invoices,106,1
4320,invoices,106,1
4321,invoices,106,1
4322,invoices,106,1
902,tasks,106,1
903,tasks,106,1
907,tasks,106,1
907,tasks,3,2
909,tasks,110,1
909,tasks,106,2
910,tasks,110,1
911,tasks,110,1
911,tasks,106,2
4332,invoices,105,1
4333,invoices,105,1
4334,invoices,105,1
4335,invoices,105,1
4336,invoices,105,1
2706,projects,105,1
4338,invoices,105,1
948,tasks,105,1
968,tasks,105,1
971,tasks,105,1
4347,invoices,107,1
4352,invoices,107,1
4356,invoices,105,1
4357,invoices,105,1
4358,invoices,105,1
992,tasks,106,1
993,tasks,106,1
998,tasks,106,1
999,tasks,110,1
999,tasks,106,2
1002,tasks,106,1
1003,tasks,106,1
1004,tasks,106,1
1004,tasks,110,2
1006,tasks,106,1
1007,tasks,106,1
4359,invoices,106,1
4360,invoices,106,1
4361,invoices,106,1
4368,invoices,105,1
2712,projects,105,1
1083,tasks,105,1
4384,invoices,105,1
4387,invoices,106,1
4388,invoices,106,1
4390,invoices,106,1
4391,invoices,106,1
4392,invoices,106,1
4396,invoices,105,1
4397,invoices,105,1
4398,invoices,105,1
2717,projects,106,1
1104,tasks,106,1
2718,projects,105,1
2720,projects,105,1
2721,projects,105,1
2722,projects,105,1
2723,projects,105,1
1145,tasks,105,1
4406,invoices,106,1
4407,invoices,106,1
4411,invoices,105,1
1159,tasks,106,1
1162,tasks,106,1
1171,tasks,105,1
4413,invoices,105,1
4419,invoices,106,1
1253,tasks,106,1
4430,invoices,105,1
1281,tasks,110,1
4432,invoices,105,1
4433,invoices,105,1
4434,invoices,105,1
4435,invoices,105,1
4437,invoices,106,1
4438,invoices,105,1
4439,invoices,105,1
2742,projects,105,1
4441,invoices,105,1
2743,projects,105,1
4443,invoices,106,1
4445,invoices,105,1
1300,tasks,106,1
1308,tasks,105,1
1309,tasks,105,1
1311,tasks,106,1
1330,tasks,110,1
1330,tasks,108,2
4455,invoices,105,1
1346,tasks,106,1
1387,tasks,106,1
1390,tasks,110,1
1398,tasks,106,1
1399,tasks,106,1
1401,tasks,106,1
1403,tasks,110,1
1448,tasks,106,1
2017,proposals,106,1
4476,invoices,110,1
1487,tasks,106,1
1491,tasks,106,1
4502,invoices,105,1
4507,invoices,105,1
4480,invoices,105,1
4513,invoices,105,1
1507,tasks,106,1
1508,tasks,106,1
1509,tasks,106,1
4515,invoices,106,1
4518,invoices,105,1
4527,invoices,105,1
1539,tasks,106,1
1541,tasks,106,1
1543,tasks,106,1
1544,tasks,106,1
1546,tasks,106,1
1552,tasks,110,1
1552,tasks,106,2
4531,invoices,105,1
4532,invoices,105,1
4533,invoices,105,1
4535,invoices,105,1
1609,tasks,106,1
1614,tasks,106,1
4541,invoices,105,1
4544,invoices,106,1
2796,projects,105,1
1635,tasks,106,1
4547,invoices,105,1
4550,invoices,105,1
4554,invoices,105,1
2053,proposals,106,1
1671,tasks,106,1
1672,tasks,106,1
1673,tasks,106,1
4561,invoices,106,1
4562,invoices,106,1
1701,tasks,106,1
1702,tasks,106,1
1703,tasks,106,1
1706,tasks,106,1
1707,tasks,106,1
1708,tasks,106,1
1710,tasks,106,1
1711,tasks,106,1
1712,tasks,106,1
1713,tasks,106,1
1714,tasks,106,1
1715,tasks,106,1
1716,tasks,106,1
1717,tasks,106,1
1719,tasks,106,1
1719,tasks,110,2
1722,tasks,106,1
1724,tasks,106,1
1725,tasks,106,1
1726,tasks,106,1
1727,tasks,106,1
1731,tasks,106,1
1736,tasks,106,1
1758,tasks,106,1
4567,invoices,106,1
1764,tasks,106,1
1767,tasks,106,1
1768,tasks,106,1
4569,invoices,105,1
4571,invoices,105,1
1801,tasks,110,1
1802,tasks,106,1
1808,tasks,106,1
1808,tasks,110,2
1809,tasks,106,1
1814,tasks,106,1
1815,tasks,106,1
1819,tasks,106,1
1820,tasks,106,1
4584,invoices,105,1
4587,invoices,105,1
1826,tasks,106,1
4589,invoices,105,1
4591,invoices,105,1
4596,invoices,105,1
4597,invoices,105,1
4599,invoices,105,1
1891,tasks,106,1
1893,tasks,106,1
1894,tasks,106,1
1895,tasks,106,1
1897,tasks,106,1
1900,tasks,106,1
1901,tasks,106,1
1903,tasks,106,1
1904,tasks,106,1
1921,tasks,106,1
1922,tasks,106,1
1923,tasks,106,1
1926,tasks,106,1
1927,tasks,106,1
1928,tasks,106,1
1932,tasks,106,1
1933,tasks,106,1
1934,tasks,106,1
1939,tasks,106,1
1944,tasks,106,1
1947,tasks,106,1
1947,tasks,110,2
1948,tasks,106,1
1966,tasks,110,1
1968,tasks,106,1
1969,tasks,106,1
1977,tasks,106,1
1979,tasks,106,1
1990,tasks,106,1
4625,invoices,105,1
2036,tasks,106,1
2037,tasks,106,1
2038,tasks,106,1
2039,tasks,106,1
2040,tasks,106,1
2845,projects,20,1
2047,tasks,106,1
4636,invoices,20,1
2079,tasks,106,1
2086,tasks,106,1
2107,tasks,106,1
4651,invoices,105,1
2114,tasks,106,1
2122,tasks,105,1
2853,projects,106,1
2131,tasks,106,1
2132,tasks,106,1
2133,tasks,106,1
2136,tasks,106,1
4655,invoices,105,1
2144,tasks,106,1
2145,tasks,106,1
2161,tasks,106,1
4671,invoices,105,1
4672,invoices,105,1
4676,invoices,105,1
2197,tasks,106,1
2198,tasks,106,1
2199,tasks,106,1
2200,tasks,106,1
2202,tasks,106,1
2206,tasks,106,1
2862,projects,106,1
2207,tasks,106,1
2863,projects,106,1
2210,tasks,106,1
4679,invoices,105,1
2214,tasks,106,1
2225,tasks,110,1
4682,invoices,105,1
2232,tasks,106,1
2242,tasks,106,1
2249,tasks,105,1
2250,tasks,105,1
2251,tasks,105,1
2252,tasks,105,1
2253,tasks,105,1
2254,tasks,105,1
2256,tasks,105,1
2257,tasks,105,1
2258,tasks,105,1
2259,tasks,105,1
2260,tasks,110,1
2261,tasks,110,1
2262,tasks,110,1
2263,tasks,105,1
2264,tasks,110,1
2264,tasks,105,2
4690,invoices,105,1
2870,projects,106,1
2871,projects,106,1
2872,projects,106,1
2282,tasks,106,1
2285,tasks,106,1
2873,projects,106,1
4696,invoices,105,1
2291,tasks,106,1
2293,tasks,106,1
2297,tasks,106,1
2298,tasks,106,1
2299,tasks,106,1
4698,invoices,105,1
4699,invoices,105,1
2307,tasks,106,1
2312,tasks,106,1
4711,invoices,105,1
4712,invoices,20,1
2319,tasks,110,1
2321,tasks,106,1
2322,tasks,110,1
2334,tasks,106,1
4723,invoices,20,1
2346,tasks,106,1
4724,invoices,105,1
2350,tasks,106,1
2358,tasks,106,1
2399,tasks,106,1
2400,tasks,106,1
2402,tasks,106,1
2411,tasks,106,1
2412,tasks,106,1
2890,projects,106,1
2418,tasks,106,1
2420,tasks,106,1
2422,tasks,110,1
2426,tasks,106,1
4736,invoices,106,1
2494,tasks,106,1
2495,tasks,106,1
2496,tasks,106,1
2497,tasks,106,1
2498,tasks,106,1
2499,tasks,106,1
2501,tasks,106,1
2502,tasks,106,1
2503,tasks,106,1
2518,tasks,106,1
820,estimates,113,1
4781,invoices,105,1
2914,projects,106,1
4785,invoices,105,1
2917,projects,106,1
4790,invoices,105,1
2921,projects,106,1
2923,projects,106,1
4800,invoices,105,1
4801,invoices,105,1
2925,projects,105,1
4835,invoices,106,1
2682,tasks,106,1
2690,tasks,106,1
2691,tasks,106,1
2692,tasks,106,1
2693,tasks,106,1
2694,tasks,106,1
2695,tasks,106,1
2696,tasks,106,1
2698,tasks,106,1
2700,tasks,106,1
2701,tasks,106,1
2702,tasks,106,1
2703,tasks,106,1
2704,tasks,106,1
2705,tasks,106,1
2706,tasks,106,1
2707,tasks,106,1
2710,tasks,105,1
4840,invoices,105,1
4841,invoices,105,1
2757,tasks,105,1
4868,invoices,105,1
2957,projects,105,1
2791,tasks,106,1
2792,tasks,106,1
2793,tasks,106,1
2794,tasks,106,1
2795,tasks,106,1
2796,tasks,106,1
2797,tasks,106,1
2799,tasks,106,1
2800,tasks,106,1
2801,tasks,106,1
2802,tasks,106,1
2803,tasks,106,1
2804,tasks,106,1
2813,tasks,106,1
2823,tasks,106,1
2962,projects,106,1
4880,invoices,105,1
4881,invoices,105,1
2854,tasks,106,1
2855,tasks,106,1
2856,tasks,106,1
2857,tasks,106,1
2858,tasks,106,1
2859,tasks,106,1
2860,tasks,106,1
2861,tasks,106,1
4884,invoices,105,1
4885,invoices,105,1
4887,invoices,105,1
2966,projects,106,1
4893,invoices,105,1
4894,invoices,105,1
2916,tasks,106,1
2917,tasks,106,1
2918,tasks,106,1
2919,tasks,106,1
2920,tasks,106,1
2921,tasks,106,1
2922,tasks,106,1
2923,tasks,106,1
2924,tasks,106,1
2932,tasks,106,1
4899,invoices,105,1
4900,invoices,105,1
4901,invoices,105,1
4902,invoices,105,1
4903,invoices,105,1
4904,invoices,105,1
4918,invoices,106,1
4919,invoices,106,1
4923,invoices,106,1
4928,invoices,105,1
4931,invoices,106,1
4932,invoices,105,1
4933,invoices,106,1
4940,invoices,105,1
4942,invoices,106,1
4947,invoices,106,1
4949,invoices,20,1
4953,invoices,106,1
3108,tasks,106,1
2988,projects,106,1
3119,tasks,106,1
2989,projects,106,1
3120,tasks,106,1
2990,projects,106,1
3121,tasks,106,1
4960,invoices,106,1
4961,invoices,106,1
3144,tasks,106,1
3145,tasks,106,1
3155,tasks,106,1
3160,tasks,106,1
2992,projects,106,1
3163,tasks,106,1
3167,tasks,106,1
3168,tasks,106,1
3170,tasks,106,1
2994,projects,106,1
3173,tasks,106,1
3177,tasks,106,1
3178,tasks,106,1
3180,tasks,106,1
3000,projects,106,1
3201,tasks,106,1
3205,tasks,106,1
3206,tasks,106,1
3208,tasks,106,1
3001,projects,106,1
3209,tasks,106,1
3213,tasks,106,1
3214,tasks,106,1
3216,tasks,106,1
3002,projects,106,1
3217,tasks,106,1
3221,tasks,106,1
3222,tasks,106,1
3224,tasks,106,1
3007,projects,107,1
3010,projects,105,1
865,estimates,110,1
869,estimates,110,1
3331,tasks,106,1
3340,tasks,106,1
3342,tasks,106,1
3356,tasks,106,1
3033,projects,1,1
3035,projects,1,1
3036,projects,1,1
3058,projects,105,1
919,estimates,105,1
933,estimates,106,1
3072,projects,106,1
3073,projects,106,1
3074,projects,106,1
3075,projects,106,1
942,estimates,105,1
943,estimates,105,1
3077,projects,106,1
950,estimates,105,1
951,estimates,105,1
3084,projects,105,1
3085,projects,105,1
3086,projects,105,1
3087,projects,105,1
3485,tasks,105,1
969,estimates,106,1
3094,projects,1,1
3095,projects,1,1
3096,projects,1,1
3097,projects,1,1
3098,projects,1,1
3099,projects,1,1
3100,projects,1,1
3101,projects,1,1
3102,projects,1,1
979,estimates,106,1
992,estimates,105,1
994,estimates,105,1
1006,estimates,106,1
1008,estimates,52,1
1009,estimates,52,1
3548,tasks,105,1
3549,tasks,105,1
1039,estimates,105,1
1043,estimates,105,1
1044,estimates,105,1
1046,estimates,105,1
1047,estimates,105,1
1049,estimates,105,1
3579,tasks,105,1
3583,tasks,105,1
3127,projects,106,1
1056,estimates,105,1
1069,estimates,113,1
3631,tasks,105,1
1079,estimates,106,1
3152,projects,106,1
3153,projects,106,1
1089,estimates,105,1
1090,estimates,105,1
1091,estimates,105,1
3154,projects,105,1
1092,estimates,105,1
1094,estimates,105,1
3155,projects,106,1
3156,projects,105,1
3157,projects,106,1
1095,estimates,105,1
998,leads,62,1
3165,projects,105,1
1110,estimates,105,1
1114,estimates,105,1
3771,tasks,110,1
3774,tasks,12,1
1133,estimates,106,1
1141,estimates,105,1
1143,estimates,105,1
1144,estimates,105,1
1145,estimates,105,1
1146,estimates,105,1
1147,estimates,105,1
3865,tasks,105,1
3193,projects,106,1
1154,estimates,105,1
3195,projects,106,1
1164,estimates,106,1
1168,estimates,106,1
1170,estimates,105,1
1171,estimates,105,1
1172,estimates,106,1
3950,tasks,105,1
1180,estimates,105,1
1181,estimates,105,1
1183,estimates,105,1
1184,estimates,105,1
1185,estimates,105,1
1186,estimates,105,1
1187,estimates,105,1
1190,estimates,105,1
1194,estimates,105,1
1195,estimates,105,1
1196,estimates,106,1
4024,tasks,106,1
3215,projects,106,1
3216,projects,106,1
3217,projects,106,1
4041,tasks,105,1
1250,estimates,106,1
3219,projects,105,1
1251,estimates,105,1
1252,estimates,105,1
1254,estimates,106,1
1255,estimates,106,1
1264,estimates,106,1
3222,projects,106,1
1265,estimates,106,1
3223,projects,106,1
1267,estimates,106,1
3224,projects,106,1
1268,estimates,106,1
3225,projects,106,1
1270,estimates,106,1
1273,estimates,106,1
1276,estimates,105,1
1021,leads,106,1
2526,proposals,106,1
4070,tasks,105,1
1279,estimates,105,1
3227,projects,105,1
1281,estimates,105,1
1283,estimates,106,1
1284,estimates,106,1
1287,estimates,106,1
1289,estimates,106,1
1290,estimates,106,1
1291,estimates,106,1
1295,estimates,106,1
1296,estimates,106,1
1297,estimates,106,1
1298,estimates,106,1
1299,estimates,106,1
1300,estimates,105,1
1302,estimates,105,1
1303,estimates,106,1
3240,projects,106,1
1310,estimates,106,1
1311,estimates,106,1
1312,estimates,106,1
1313,estimates,106,1
4144,tasks,106,1
4173,tasks,105,1
3247,projects,106,1
3248,projects,106,1
1323,estimates,106,1
1325,estimates,105,1
1327,estimates,105,1
1329,estimates,105,1
1331,estimates,105,1
3964,tasks,105,1
698,tasks,105,1
828,tasks,105,1
855,tasks,105,1
2566,proposals,110,1
2566,proposals,9,2
2618,tasks,105,1
2849,tasks,105,1
3259,tasks,105,1
3274,projects,106,1
3281,projects,106,1
1356,estimates,105,1
1357,estimates,105,1
1358,estimates,106,1
4365,tasks,106,1
4366,tasks,106,1
1361,estimates,106,1
1375,estimates,106,1
2596,proposals,106,1
1387,estimates,106,1
3307,projects,106,1
3310,projects,106,1
4477,tasks,105,1
3326,projects,106,1
3333,projects,106,1
3334,projects,106,1
3338,projects,106,1
3339,projects,106,1
3340,projects,106,1
3341,projects,106,1
3342,projects,106,1
1418,estimates,105,1
1421,estimates,105,1
1424,estimates,105,1
1425,estimates,105,1
1426,estimates,105,1
1427,estimates,105,1
1428,estimates,105,1
1429,estimates,105,1
1430,estimates,105,1
1431,estimates,105,1
1432,estimates,105,1
1433,estimates,105,1
3343,projects,106,1
3346,projects,106,1
1437,estimates,106,1
3347,projects,106,1
1438,estimates,106,1
4522,tasks,105,1
4523,tasks,105,1
4524,tasks,105,1
3351,projects,105,1
1447,estimates,105,1
1457,estimates,106,1
1461,estimates,106,1
1462,estimates,106,1
1464,estimates,106,1
1472,estimates,105,1
3352,projects,106,1
3353,projects,106,1
1473,estimates,106,1
4548,tasks,105,1
4549,tasks,105,1
4549,tasks,106,2
1477,estimates,106,1
1478,estimates,105,1
1479,estimates,105,1
1483,estimates,105,1
1484,estimates,105,1
1489,estimates,105,1
4614,tasks,105,1
3369,projects,106,1
3370,projects,106,1
1497,estimates,106,1
1498,estimates,106,1
1513,estimates,105,1
1515,estimates,105,1
1516,estimates,106,1
2697,proposals,106,1
3378,projects,106,1
3379,projects,106,1
3380,projects,106,1
1530,estimates,106,1
1534,estimates,105,1
1535,estimates,105,1
3382,projects,106,1
3383,projects,106,1
3384,projects,106,1
3385,projects,106,1
3386,projects,106,1
3387,projects,106,1
3388,projects,106,1
3389,projects,106,1
3390,projects,106,1
1536,estimates,106,1
1537,estimates,106,1
1538,estimates,106,1
1539,estimates,106,1
1540,estimates,106,1
1541,estimates,106,1
1542,estimates,106,1
1543,estimates,106,1
1544,estimates,106,1
3391,projects,106,1
3392,projects,106,1
3401,projects,106,1
1564,estimates,106,1
1565,estimates,106,1
3402,projects,106,1
3403,projects,106,1
3404,projects,106,1
3405,projects,106,1
3406,projects,106,1
3407,projects,106,1
3408,projects,106,1
3409,projects,106,1
3410,projects,106,1
3411,projects,106,1
1566,estimates,106,1
1567,estimates,106,1
1568,estimates,106,1
1569,estimates,106,1
1570,estimates,106,1
1571,estimates,106,1
1572,estimates,106,1
1573,estimates,106,1
1574,estimates,106,1
1575,estimates,106,1
3412,projects,105,1
3413,projects,105,1
1576,estimates,105,1
1577,estimates,105,1
1588,estimates,105,1
1589,estimates,105,1
1590,estimates,105,1
1591,estimates,105,1
3417,projects,105,1
1592,estimates,105,1
1593,estimates,106,1
1594,estimates,106,1
1595,estimates,106,1
3419,projects,105,1
1596,estimates,105,1
1599,estimates,105,1
3420,projects,106,1
3421,projects,106,1
3422,projects,106,1
1604,estimates,106,1
1610,estimates,105,1
1613,estimates,106,1
3430,projects,106,1
1616,estimates,105,1
4905,tasks,106,1
4906,tasks,106,1
1618,estimates,106,1
4920,tasks,106,1
4921,tasks,106,1
1622,estimates,106,1
4925,tasks,106,1
4926,tasks,106,1
1624,estimates,106,1
1625,estimates,106,1
1630,estimates,106,1
1631,estimates,106,1
4957,tasks,106,1
4958,tasks,106,1
1639,estimates,106,1
1641,estimates,105,1
1642,estimates,105,1
1643,estimates,105,1
1644,estimates,105,1
1645,estimates,105,1
1648,estimates,105,1
3443,projects,106,1
1651,estimates,106,1
3444,projects,106,1
1652,estimates,106,1
1671,estimates,106,1
1682,estimates,105,1
1683,estimates,105,1
1684,estimates,105,1
1686,estimates,106,1
1688,estimates,105,1
1689,estimates,105,1
1694,estimates,105,1
1695,estimates,105,1
1696,estimates,105,1
3467,projects,105,1
1697,estimates,105,1
1698,estimates,105,1
3468,projects,106,1
1701,estimates,105,1
3472,projects,105,1
1703,estimates,105,1
5074,tasks,106,1
5075,tasks,106,1
1709,estimates,106,1
1713,estimates,105,1
1714,estimates,106,1
3483,projects,106,1
1716,estimates,105,1
1717,estimates,106,1
3484,projects,106,1
1719,estimates,106,1
1721,estimates,105,1
3493,projects,105,1
1731,estimates,105,1
1734,estimates,106,1
1736,estimates,106,1
1737,estimates,106,1
1738,estimates,106,1
1739,estimates,106,1
1745,estimates,105,1
1746,estimates,105,1
5200,tasks,110,1
5223,tasks,110,1
1764,estimates,106,1
1765,estimates,106,1
1766,estimates,106,1
1767,estimates,106,1
1769,estimates,105,1
3517,projects,106,1
1771,estimates,106,1
1772,estimates,106,1
1773,estimates,106,1
1774,estimates,106,1
1775,estimates,105,1
1776,estimates,106,1
1777,estimates,106,1
3520,projects,105,1
3521,projects,105,1
3522,projects,105,1
3523,projects,105,1
3524,projects,105,1
1779,estimates,105,1
1780,estimates,106,1
5294,tasks,106,1
1793,estimates,105,1
1801,estimates,105,1
1802,estimates,105,1
1821,estimates,105,1
1822,estimates,105,1
1823,estimates,106,1
1824,estimates,106,1
1825,estimates,106,1
1826,estimates,106,1
1827,estimates,106,1
5469,tasks,105,1
5471,tasks,105,1
1832,estimates,106,1
1833,estimates,106,1
1834,estimates,106,1
1835,estimates,106,1
1836,estimates,105,1
1837,estimates,105,1
5482,tasks,105,1
1847,estimates,105,1
1849,estimates,106,1
1854,estimates,106,1
3551,projects,106,1
1855,estimates,106,1
3559,projects,106,1
1865,estimates,106,1
1871,estimates,106,1
3567,projects,106,1
1876,estimates,106,1
1877,estimates,105,1
1878,estimates,105,1
1881,estimates,105,1
3569,projects,105,1
1887,estimates,105,1
3573,projects,106,1
1899,estimates,106,1
3574,projects,106,1
1900,estimates,106,1
3582,projects,105,1
1912,estimates,105,1
1920,estimates,105,1
3594,projects,106,1
1927,estimates,106,1
1931,estimates,105,1
1949,estimates,105,1
3614,projects,106,1
1950,estimates,106,1
3615,projects,106,1
1951,estimates,106,1
1952,estimates,105,1
1953,estimates,105,1
3618,projects,106,1
3619,projects,106,1
1955,estimates,106,1
1956,estimates,106,1
1957,estimates,105,1
1959,estimates,105,1
1979,estimates,105,1
3624,projects,105,1
1980,estimates,105,1
1981,estimates,106,1
3625,projects,106,1
3626,projects,106,1
1985,estimates,106,1
1986,estimates,106,1
1997,estimates,105,1
2000,estimates,106,1
2002,estimates,105,1
2003,estimates,105,1
2008,estimates,105,1
2009,estimates,105,1
2012,estimates,113,1
3654,projects,106,1
2040,estimates,106,1
3655,projects,106,1
2041,estimates,106,1
3656,projects,106,1
2042,estimates,106,1
3657,projects,106,1
2043,estimates,106,1
6545,tasks,106,1
6547,tasks,106,1
3663,projects,106,1
2050,estimates,106,1
3664,projects,106,1
2051,estimates,106,1
2052,estimates,106,1
3665,projects,106,1
3666,projects,106,1
2054,estimates,106,1
2055,estimates,106,1
2061,estimates,106,1
6635,tasks,106,1
6637,tasks,106,1
3672,projects,106,1
3673,projects,106,1
2064,estimates,106,1
2065,estimates,106,1
3675,projects,106,1
2066,estimates,106,1
6672,tasks,106,1
6723,tasks,110,1
6723,tasks,106,2
2076,estimates,106,1
6727,tasks,106,1
6750,tasks,106,1
3680,projects,106,1
3681,projects,106,1
3682,projects,106,1
3683,projects,106,1
3684,projects,106,1
3685,projects,106,1
3686,projects,106,1
3687,projects,106,1
3688,projects,106,1
3689,projects,106,1
3690,projects,106,1
3691,projects,106,1
3692,projects,106,1
3693,projects,106,1
3694,projects,106,1
3695,projects,106,1
3696,projects,106,1
3697,projects,106,1
2078,estimates,106,1
3698,projects,106,1
3699,projects,106,1
6770,tasks,106,1
2083,estimates,105,1
2084,estimates,105,1
2085,estimates,105,1
2086,estimates,105,1
2091,estimates,105,1
2092,estimates,105,1
2093,estimates,105,1
2103,estimates,105,1
3706,projects,106,1
3708,projects,106,1
2124,estimates,106,1
2139,estimates,106,1
2141,estimates,106,1
2142,estimates,106,1
2143,estimates,106,1
2144,estimates,106,1
2145,estimates,106,1
2146,estimates,106,1
2147,estimates,106,1
2148,estimates,106,1
2149,estimates,106,1
2150,estimates,106,1
2151,estimates,106,1
2152,estimates,106,1
2153,estimates,106,1
2154,estimates,106,1
2155,estimates,106,1
2156,estimates,106,1
2157,estimates,106,1
2158,estimates,106,1
2182,estimates,106,1
2183,estimates,106,1
2184,estimates,106,1
2185,estimates,106,1
3728,projects,106,1
2186,estimates,106,1
2187,estimates,106,1
2200,estimates,106,1
2204,estimates,105,1
2205,estimates,105,1
2206,estimates,105,1
2208,estimates,106,1
7020,tasks,106,1
2216,estimates,105,1
2219,estimates,105,1
2221,estimates,106,1
2238,estimates,106,1
2239,estimates,106,1
2265,estimates,106,1
2275,estimates,106,1
2284,estimates,105,1
7332,tasks,106,1
7337,tasks,106,1
7340,tasks,106,1
7350,tasks,106,1
2291,estimates,105,1
2292,estimates,105,1
2293,estimates,105,1
2294,estimates,105,1
7354,tasks,106,1
2300,estimates,106,1
2306,estimates,105,1
7368,tasks,106,1
2329,estimates,106,1
7395,tasks,106,1
7401,tasks,106,1
7408,tasks,106,1
7408,tasks,110,2
2352,estimates,105,1
7416,tasks,106,1
7418,tasks,106,1
7433,tasks,106,1
2361,estimates,106,1
2362,estimates,105,1
2363,estimates,105,1
2365,estimates,106,1
3852,projects,106,1
